2013-08-30T14:54:42.116098, 0, 0, 0, 0, 0, 0, 0, 
2013-08-30T14:54:42.125816, 0.291863, -89.9168, 9.00833, -89.8066, 7.9962, -89.9273, -44.2867, 
2013-08-30T14:54:42.136192, 0.291863, -89.9168, 9.00833, -89.8066, 7.9962, -89.9273, -44.2867, 
2013-08-30T14:54:42.147951, 0.291863, -89.9168, 9.00833, -89.8066, 7.9962, -89.9273, -44.2867, 
2013-08-30T14:54:42.156703, 0.291863, -89.9168, 9.00833, -89.8066, 7.9962, -89.9273, -44.2867, 
2013-08-30T14:54:42.168071, 0.291863, -89.9168, 9.00833, -89.8066, 7.9962, -89.9273, -44.2867, 
2013-08-30T14:54:42.179953, 0.291863, -89.9168, 9.00833, -89.8066, 7.9962, -89.9273, -44.2867, 
2013-08-30T14:54:42.188718, 0.291863, -89.9168, 9.00833, -89.8066, 7.9962, -89.9273, -44.2867, 
2013-08-30T14:54:42.202073, 0.291863, -89.9168, 9.00833, -89.8066, 7.9962, -89.9273, -44.2867, 
2013-08-30T14:54:42.212208, 0.291863, -89.9168, 9.00833, -89.8066, 7.9962, -89.9273, -44.2867, 
2013-08-30T14:54:42.222201, 0.291863, -89.9168, 9.00833, -89.8066, 7.9962, -89.9273, -44.2867, 
2013-08-30T14:54:42.234196, 0.291863, -89.9168, 9.00833, -89.8066, 7.9962, -89.9273, -44.2867, 
2013-08-30T14:54:42.248883, 0.291863, -89.9168, 9.00833, -89.8066, 7.9962, -89.9273, -44.2867, 
2013-08-30T14:54:42.258369, 0.291863, -89.9168, 9.00833, -89.8066, 7.9962, -89.9273, -44.2867, 
2013-08-30T14:54:42.274999, 0.291863, -89.9168, 9.00833, -89.8066, 7.9962, -89.9273, -44.2867, 
2013-08-30T14:54:42.284567, 0.291863, -89.9168, 9.00833, -89.8066, 7.9962, -89.9273, -44.2867, 
2013-08-30T14:54:42.297949, 0.291863, -89.9168, 9.00833, -89.8066, 7.9962, -89.9273, -44.2867, 
2013-08-30T14:54:42.308325, 0.291863, -89.9168, 9.00833, -89.8066, 7.9962, -89.9273, -44.2867, 
2013-08-30T14:54:42.318193, 0.291863, -89.9168, 9.00833, -89.8066, 7.9962, -89.9273, -44.2867, 
2013-08-30T14:54:42.329970, 0.291863, -89.9168, 9.00833, -89.8066, 7.9962, -89.9273, -44.2867, 
2013-08-30T14:54:42.340324, 0.291863, -89.9168, 9.00833, -89.8066, 7.9962, -89.9273, -44.2867, 
2013-08-30T14:54:42.350323, 0.291863, -89.9168, 9.00833, -89.8066, 7.9962, -89.9273, -44.2867, 
2013-08-30T14:54:42.362022, 0.291863, -89.9168, 9.00833, -89.8066, 7.9962, -89.9273, -44.2867, 
2013-08-30T14:54:42.372223, 0.291863, -89.9168, 9.00833, -89.8066, 7.9962, -89.9273, -44.2867, 
2013-08-30T14:54:42.382335, 0.291863, -89.9168, 9.00833, -89.8066, 7.9962, -89.9273, -44.2867, 
2013-08-30T14:54:42.396197, 0.291863, -89.9168, 9.00833, -89.8066, 7.9962, -89.9273, -44.2867, 
2013-08-30T14:54:42.406346, 0.291863, -89.9168, 9.00833, -89.8066, 7.9962, -89.9273, -44.2867, 
2013-08-30T14:54:42.416457, 0.291863, -89.9168, 9.00833, -89.8066, 7.9962, -89.9273, -44.2867, 
2013-08-30T14:54:42.430333, 0.291863, -89.9168, 9.00833, -89.8066, 7.9962, -89.9273, -44.2867, 
2013-08-30T14:54:42.440465, 0.291863, -89.9168, 9.00833, -89.8066, 7.9962, -89.9273, -44.2867, 
2013-08-30T14:54:42.454078, 0.291863, -89.9168, 9.00833, -89.8066, 7.9962, -89.9273, -44.2867, 
2013-08-30T14:54:42.464192, 0.291863, -89.9168, 9.00833, -89.8066, 7.9962, -89.9273, -44.2867, 
2013-08-30T14:54:42.473994, 0.291863, -89.9168, 9.00833, -89.8066, 7.9962, -89.9273, -44.2867, 
2013-08-30T14:54:42.486072, 0.291863, -89.9168, 9.00833, -89.8066, 7.9962, -89.9273, -44.2867, 
2013-08-30T14:54:42.499972, 0, 0, 0, 0, 0, 0, 0, 
2013-08-30T14:54:42.508697, 0.291863, -89.9168, 9.00833, -89.8066, 7.9962, -89.9273, -44.2867, 
2013-08-30T14:54:42.521940, 0.291863, -89.9168, 9.00833, -89.8066, 7.9962, -89.9273, -44.2867, 
2013-08-30T14:54:42.531944, 0.291863, -89.9168, 9.00833, -89.8066, 7.9962, -89.9273, -44.2867, 
2013-08-30T14:54:42.540727, 0.291863, -89.9168, 9.00833, -89.8066, 7.9962, -89.9273, -44.2867, 
2013-08-30T14:54:42.553947, 0.291863, -89.9168, 9.00833, -89.8066, 7.9962, -89.9273, -44.2867, 
2013-08-30T14:54:42.562692, 0.291863, -89.9168, 9.00833, -89.8066, 7.9962, -89.9273, -44.2867, 
2013-08-30T14:54:42.572200, 0.291863, -89.9168, 9.00833, -89.8066, 7.9962, -89.9273, -44.2867, 
2013-08-30T14:54:42.586081, 0.291863, -89.9168, 9.00833, -89.8066, 7.9962, -89.9273, -44.2867, 
2013-08-30T14:54:42.596071, 0.291863, -89.9168, 9.00833, -89.8066, 7.9962, -89.9273, -44.2867, 
2013-08-30T14:54:42.608091, 0.291863, -89.9168, 9.00833, -89.8066, 7.9962, -89.9273, -44.2867, 
2013-08-30T14:54:42.619949, 0.291863, -89.9168, 9.00833, -89.8066, 7.9962, -89.9273, -44.2867, 
2013-08-30T14:54:42.628694, 0.291863, -89.9168, 9.00833, -89.8066, 7.9962, -89.9273, -44.2867, 
2013-08-30T14:54:42.642074, 0.291863, -89.9168, 9.00833, -89.8066, 7.9962, -89.9273, -44.2867, 
2013-08-30T14:54:42.652318, 0.291863, -89.9168, 9.00833, -89.8066, 7.9962, -89.9273, -44.2867, 
2013-08-30T14:54:42.662200, 0.291863, -89.9168, 9.00833, -89.8066, 7.9962, -89.9273, -44.2867, 
2013-08-30T14:54:42.674086, 0.291863, -89.9168, 9.00833, -89.8066, 7.9962, -89.9273, -44.2867, 
2013-08-30T14:54:42.684325, 0.291863, -89.9168, 9.00833, -89.8066, 7.9962, -89.9273, -44.2867, 
2013-08-30T14:54:42.694351, 0.291863, -89.9168, 9.00833, -89.8066, 7.9962, -89.9273, -44.2867, 
2013-08-30T14:54:42.706081, 0.291863, -89.9168, 9.00833, -89.8066, 7.9962, -89.9273, -44.2867, 
2013-08-30T14:54:42.719937, 0, 0, 0, 0, 0, 0, 0, 
2013-08-30T14:54:42.728696, 0.291863, -89.9168, 9.00833, -89.8066, 7.9962, -89.9273, -44.2867, 
2013-08-30T14:54:42.742090, 0.291863, -89.9168, 9.00833, -89.8066, 7.9962, -89.9273, -44.2867, 
2013-08-30T14:54:42.751937, 0.291863, -89.9168, 9.00833, -89.8066, 7.9962, -89.9273, -44.2867, 
2013-08-30T14:54:42.762079, 0.291863, -89.9168, 9.00833, -89.8066, 7.9962, -89.9273, -44.2867, 
2013-08-30T14:54:42.774097, 0.291863, -89.9168, 9.00833, -89.8066, 7.9962, -89.9273, -44.2867, 
2013-08-30T14:54:42.783973, 0.291863, -89.9168, 9.00833, -89.8066, 7.9962, -89.9273, -44.2867, 
2013-08-30T14:54:42.794063, 0.291863, -89.9168, 9.00833, -89.8066, 7.9962, -89.9273, -44.2867, 
2013-08-30T14:54:42.806077, 0.291863, -89.9168, 9.00833, -89.8066, 7.9962, -89.9273, -44.2867, 
2013-08-30T14:54:42.816074, 0.291863, -89.9168, 9.00833, -89.8066, 7.9962, -89.9273, -44.2867, 
2013-08-30T14:54:42.828072, 0.291863, -89.9168, 9.00833, -89.8066, 7.9962, -89.9273, -44.2867, 
2013-08-30T14:54:42.839956, 0.291863, -89.9168, 9.00833, -89.8066, 7.9962, -89.9273, -44.2867, 
2013-08-30T14:54:42.848695, 0.291863, -89.9168, 9.00833, -89.8066, 7.9962, -89.9273, -44.2867, 
2013-08-30T14:54:42.858604, 0.291863, -89.9168, 9.00833, -89.8066, 7.9962, -89.9273, -44.2867, 
2013-08-30T14:54:42.868717, 0.291863, -89.9168, 9.00833, -89.8066, 7.9962, -89.9273, -44.2867, 
2013-08-30T14:54:42.878572, 0.291863, -89.9168, 9.00833, -89.8066, 7.9962, -89.9273, -44.2867, 
2013-08-30T14:54:42.890066, 0.291863, -89.9168, 9.00833, -89.8066, 7.9962, -89.9273, -44.2867, 
2013-08-30T14:54:42.901955, 0.291863, -89.9168, 9.00833, -89.8066, 7.9962, -89.9273, -44.2867, 
2013-08-30T14:54:42.910687, 0.291863, -89.9168, 9.00833, -89.8066, 7.9962, -89.9273, -44.2867, 
2013-08-30T14:54:42.922063, 0.291863, -89.9168, 9.00833, -89.8066, 7.9962, -89.9273, -44.2867, 
2013-08-30T14:54:42.935449, 0.291863, -89.9168, 9.00833, -89.8066, 7.9962, -89.9273, -44.2867, 
2013-08-30T14:54:42.944318, 0.291863, -89.9168, 9.00833, -89.8066, 7.9962, -89.9273, -44.2867, 
2013-08-30T14:54:42.957933, 0.291863, -89.9168, 9.00833, -89.8066, 7.9962, -89.9273, -44.2867, 
2013-08-30T14:54:42.968485, 0.291863, -89.9168, 9.00833, -89.8066, 7.9962, -89.9273, -44.2867, 
2013-08-30T14:54:42.978209, 0.291863, -89.9168, 9.00833, -89.8066, 7.9962, -89.9273, -44.2867, 
2013-08-30T14:54:42.990062, 0.291863, -89.9168, 9.00833, -89.8066, 7.9962, -89.9273, -44.2867, 
2013-08-30T14:54:42.999945, 0.291863, -89.9168, 9.00833, -89.8066, 7.9962, -89.9273, -44.2867, 
2013-08-30T14:54:43.008691, 0.291863, -89.9168, 9.00833, -89.8066, 7.9962, -89.9273, -44.2867, 
2013-08-30T14:54:43.019940, 0.291863, -89.9168, 9.00833, -89.8066, 7.9962, -89.9273, -44.2867, 
2013-08-30T14:54:43.031957, 0.291863, -89.9168, 9.00833, -89.8066, 7.9962, -89.9273, -44.2867, 
2013-08-30T14:54:43.040812, 0.291863, -89.9168, 9.00833, -89.8066, 7.9962, -89.9273, -44.2867, 
2013-08-30T14:54:43.054080, 0.291863, -89.9168, 9.00833, -89.8066, 7.9962, -89.9273, -44.2867, 
2013-08-30T14:54:43.064571, 0.291863, -89.9168, 9.00833, -89.8066, 7.9962, -89.9273, -44.2867, 
2013-08-30T14:54:43.074315, 0.291863, -89.9168, 9.00833, -89.8066, 7.9962, -89.9273, -44.2867, 
2013-08-30T14:54:43.087934, 0.291863, -89.9168, 9.00833, -89.8066, 7.9962, -89.9273, -44.2867, 
2013-08-30T14:54:43.097935, 0.291863, -89.9168, 9.00833, -89.8066, 7.9962, -89.9273, -44.2867, 
2013-08-30T14:54:43.106697, 0.291863, -89.9168, 9.00833, -89.8066, 7.9962, -89.9273, -44.2867, 
2013-08-30T14:54:43.120068, 0.291863, -89.9168, 9.00833, -89.8066, 7.9962, -89.9273, -44.2867, 
2013-08-30T14:54:43.129946, 0.291863, -89.9168, 9.00833, -89.8066, 7.9962, -89.9273, -44.2867, 
2013-08-30T14:54:43.140072, 0.291863, -89.9168, 9.00833, -89.8066, 7.9962, -89.9273, -44.2867, 
2013-08-30T14:54:43.154933, 0.291863, -89.9168, 9.00833, -89.8066, 7.9962, -89.9273, -44.2867, 
2013-08-30T14:54:43.164203, 0.291863, -89.9168, 9.00833, -89.8066, 7.9962, -89.9273, -44.2867, 
2013-08-30T14:54:43.177961, 0.291863, -89.9168, 9.00833, -89.8066, 7.9962, -89.9273, -44.2867, 
2013-08-30T14:54:43.188066, 0.291863, -89.9168, 9.00833, -89.8066, 7.9962, -89.9273, -44.2867, 
2013-08-30T14:54:43.197935, 0.291863, -89.9168, 9.00833, -89.8066, 7.9962, -89.9273, -44.2867, 
2013-08-30T14:54:43.210061, 0.291863, -89.9168, 9.00833, -89.8066, 7.9962, -89.9273, -44.2867, 
2013-08-30T14:54:43.220315, 0.291863, -89.9168, 9.00833, -89.8066, 7.9962, -89.9273, -44.2867, 
2013-08-30T14:54:43.230452, 0.291863, -89.9168, 9.00833, -89.8066, 7.9962, -89.9273, -44.2867, 
2013-08-30T14:54:43.242065, 0.291863, -89.9168, 9.00833, -89.8066, 7.9962, -89.9273, -44.2867, 
2013-08-30T14:54:43.252183, 0.291863, -89.9168, 9.00833, -89.8066, 7.9962, -89.9273, -44.2867, 
2013-08-30T14:54:43.261948, 0.291863, -89.9168, 9.00833, -89.8066, 7.9962, -89.9273, -44.2867, 
2013-08-30T14:54:43.274261, 0.291863, -89.9168, 9.00833, -89.8066, 7.9962, -89.9273, -44.2867, 
2013-08-30T14:54:43.284316, 0.291863, -89.9168, 9.00833, -89.8066, 7.9962, -89.9273, -44.2867, 
2013-08-30T14:54:43.294322, 0.291863, -89.9168, 9.00833, -89.8066, 7.9962, -89.9273, -44.2867, 
2013-08-30T14:54:43.308069, 0.291863, -89.9168, 9.00833, -89.8066, 7.9962, -89.9273, -44.2867, 
2013-08-30T14:54:43.318434, 0.291863, -89.9168, 9.00833, -89.8066, 7.9962, -89.9273, -44.2867, 
2013-08-30T14:54:43.330200, 0.291863, -89.9168, 9.00833, -89.8066, 7.9962, -89.9273, -44.2867, 
2013-08-30T14:54:43.342077, 0.291863, -89.9168, 9.00833, -89.8066, 7.9962, -89.9273, -44.2867, 
2013-08-30T14:54:43.351934, 0.291863, -89.9168, 9.00833, -89.8066, 7.9962, -89.9273, -44.2867, 
2013-08-30T14:54:43.362400, 0.291863, -89.9168, 9.00833, -89.8066, 7.9962, -89.9273, -44.2867, 
2013-08-30T14:54:43.375562, 0.291863, -89.9168, 9.00833, -89.8066, 7.9962, -89.9273, -44.2867, 
2013-08-30T14:54:43.384308, 0.291863, -89.9168, 9.00833, -89.8066, 7.9962, -89.9273, -44.2867, 
2013-08-30T14:54:43.397941, 0.291863, -89.9168, 9.00833, -89.8066, 7.9962, -89.9273, -44.2867, 
2013-08-30T14:54:43.407960, 0.291863, -89.9168, 9.00833, -89.8066, 7.9962, -89.9273, -44.2867, 
2013-08-30T14:54:43.416685, 0.291863, -89.9168, 9.00833, -89.8066, 7.9962, -89.9273, -44.2867, 
2013-08-30T14:54:43.426695, 0.291863, -89.9168, 9.00833, -89.8066, 7.9962, -89.9273, -44.2867, 
2013-08-30T14:54:43.436434, 0.291863, -89.9168, 9.00833, -89.8066, 7.9962, -89.9273, -44.2867, 
2013-08-30T14:54:43.446305, 0.291863, -89.9168, 9.00833, -89.8066, 7.9962, -89.9273, -44.2867, 
2013-08-30T14:54:43.460074, 0.291863, -89.9168, 9.00833, -89.8066, 7.9962, -89.9273, -44.2867, 
2013-08-30T14:54:43.470430, 0.291863, -89.9168, 9.00833, -89.8066, 7.9962, -89.9273, -44.2867, 
2013-08-30T14:54:43.480434, 0.291863, -89.9168, 9.00833, -89.8066, 7.9962, -89.9273, -44.2867, 
2013-08-30T14:54:43.493086, 0.291863, -89.9168, 9.00833, -89.8066, 7.9962, -89.9273, -44.2867, 
2013-08-30T14:54:43.502437, 0.291863, -89.9168, 9.00833, -89.8066, 7.9962, -89.9273, -44.2867, 
2013-08-30T14:54:43.512433, 0.291863, -89.9168, 9.00833, -89.8066, 7.9962, -89.9273, -44.2867, 
2013-08-30T14:54:43.524070, 0.291863, -89.9168, 9.00833, -89.8066, 7.9962, -89.9273, -44.2867, 
2013-08-30T14:54:43.533932, 0.291863, -89.9168, 9.00833, -89.8066, 7.9962, -89.9273, -44.2867, 
2013-08-30T14:54:43.544056, 0.291863, -89.9168, 9.00833, -89.8066, 7.9962, -89.9273, -44.2867, 
2013-08-30T14:54:43.556059, 0.291863, -89.9168, 9.00833, -89.8066, 7.9962, -89.9273, -44.2867, 
2013-08-30T14:54:43.566440, 0.291863, -89.9168, 9.00833, -89.8066, 7.9962, -89.9273, -44.2867, 
2013-08-30T14:54:43.576194, 0.291863, -89.9168, 9.00833, -89.8066, 7.9962, -89.9273, -44.2867, 
2013-08-30T14:54:43.588057, 0.291863, -89.9168, 9.00833, -89.8066, 7.9962, -89.9273, -44.2867, 
2013-08-30T14:54:43.602070, 0, 0, 0, 0, 0, 0, 0, 
2013-08-30T14:54:43.614429, 0.291863, -89.9168, 9.00833, -89.8066, 7.9962, -89.9273, -44.2867, 
2013-08-30T14:54:43.626062, 0.291863, -89.9168, 9.00833, -89.8066, 7.9962, -89.9273, -44.2867, 
2013-08-30T14:54:43.634699, 0.291863, -89.9168, 9.00833, -89.8066, 7.9962, -89.9273, -44.2867, 
2013-08-30T14:54:43.648075, 0.291863, -89.9168, 9.00833, -89.8066, 7.9962, -89.9273, -44.2867, 
2013-08-30T14:54:43.658434, 0.291863, -89.9168, 9.00833, -89.8066, 7.9962, -89.9273, -44.2867, 
2013-08-30T14:54:43.668438, 0.291863, -89.9168, 9.00833, -89.8066, 7.9962, -89.9273, -44.2867, 
2013-08-30T14:54:43.680068, 0.291863, -89.9168, 9.00833, -89.8066, 7.9962, -89.9273, -44.2867, 
2013-08-30T14:54:43.690312, 0.291863, -89.9168, 9.00833, -89.8066, 7.9962, -89.9273, -44.2867, 
2013-08-30T14:54:43.700562, 0.291863, -89.9168, 9.00833, -89.8066, 7.9962, -89.9273, -44.2867, 
2013-08-30T14:54:43.714105, 0.291863, -89.9168, 9.00833, -89.8066, 7.9962, -89.9273, -44.2867, 
2013-08-30T14:54:43.724379, 0.291863, -89.9168, 9.00833, -89.8066, 7.9962, -89.9273, -44.2867, 
2013-08-30T14:54:43.734570, 0.291863, -89.9168, 9.00833, -89.8066, 7.9962, -89.9273, -44.2867, 
2013-08-30T14:54:43.748058, 0.291863, -89.9168, 9.00833, -89.8066, 7.9962, -89.9273, -44.2867, 
2013-08-30T14:54:43.758092, 0.291863, -89.9168, 9.00833, -89.8066, 7.9962, -89.9273, -44.2867, 
2013-08-30T14:54:43.768064, 0.291863, -89.9168, 9.00833, -89.8066, 7.9962, -89.9273, -44.2867, 
2013-08-30T14:54:43.780060, 0.291863, -89.9168, 9.00833, -89.8066, 7.9962, -89.9273, -44.2867, 
2013-08-30T14:54:43.790067, 0.291863, -89.9168, 9.00833, -89.8066, 7.9962, -89.9273, -44.2867, 
2013-08-30T14:54:43.800063, 0.291863, -89.9168, 9.00833, -89.8066, 7.9962, -89.9273, -44.2867, 
2013-08-30T14:54:43.814944, 0.291863, -89.9168, 9.00833, -89.8066, 7.9962, -89.9273, -44.2867, 
2013-08-30T14:54:43.824310, 0.291863, -89.9168, 9.00833, -89.8066, 7.9962, -89.9273, -44.2867, 
2013-08-30T14:54:43.838449, 0.291863, -89.9168, 9.00833, -89.8066, 7.9962, -89.9273, -44.2867, 
2013-08-30T14:54:43.848312, 0.291863, -89.9168, 9.00833, -89.8066, 7.9962, -89.9273, -44.2867, 
2013-08-30T14:54:43.858434, 0.291863, -89.9168, 9.00833, -89.8066, 7.9962, -89.9273, -44.2867, 
2013-08-30T14:54:43.870066, 0.291863, -89.9168, 9.00833, -89.8066, 7.9962, -89.9273, -44.2867, 
2013-08-30T14:54:43.880065, 0.291863, -89.9168, 9.00833, -89.8066, 7.9962, -89.9273, -44.2867, 
2013-08-30T14:54:43.890073, 0.291863, -89.9168, 9.00833, -89.8066, 7.9962, -89.9273, -44.2867, 
2013-08-30T14:54:43.902071, 0.291863, -89.9168, 9.00833, -89.8066, 7.9962, -89.9273, -44.2867, 
2013-08-30T14:54:43.912053, 0.291863, -89.9168, 9.00833, -89.8066, 7.9962, -89.9273, -44.2867, 
2013-08-30T14:54:43.922062, 0.291863, -89.9168, 9.00833, -89.8066, 7.9962, -89.9273, -44.2867, 
2013-08-30T14:54:43.934087, 0.291863, -89.9168, 9.00833, -89.8066, 7.9962, -89.9273, -44.2867, 
2013-08-30T14:54:43.944300, 0.291863, -89.9168, 9.00833, -89.8066, 7.9962, -89.9273, -44.2867, 
2013-08-30T14:54:43.954308, 0.291863, -89.9168, 9.00833, -89.8066, 7.9962, -89.9273, -44.2867, 
2013-08-30T14:54:43.968066, 0.291863, -89.9168, 9.00833, -89.8066, 7.9962, -89.9273, -44.2867, 
2013-08-30T14:54:43.978672, 0.291863, -89.9168, 9.00833, -89.8066, 7.9962, -89.9273, -44.2867, 
2013-08-30T14:54:43.990064, 0.291863, -89.9168, 9.00833, -89.8066, 7.9962, -89.9273, -44.2867, 
2013-08-30T14:54:44.002069, 0.291863, -89.9168, 9.00833, -89.8066, 7.9962, -89.9273, -44.2867, 
2013-08-30T14:54:44.012051, 0.291863, -89.9168, 9.00833, -89.8066, 7.9962, -89.9273, -44.2867, 
2013-08-30T14:54:44.022069, 0.291863, -89.9168, 9.00833, -89.8066, 7.9962, -89.9273, -44.2867, 
2013-08-30T14:54:44.534140, 0.291863, -89.9168, 9.00833, -89.8066, 7.9962, -89.9273, -44.2867, 
2013-08-30T14:54:44.541421, 0, 0, 0, 0, 0, 0, 0, 
2013-08-30T14:54:44.547296, 0, 0, 0, 0, 0, 0, 0, 
2013-08-30T14:54:44.553301, 0, 0, 0, 0, 0, 0, 0, 
2013-08-30T14:54:44.562199, 0, 0, 0, 0, 0, 0, 0, 
2013-08-30T14:54:44.568176, 0, 0, 0, 0, 0, 0, 0, 
2013-08-30T14:54:44.574066, 0, 0, 0, 0, 0, 0, 0, 
2013-08-30T14:54:44.579919, 0, 0, 0, 0, 0, 0, 0, 
2013-08-30T14:54:44.585957, 0, 0, 0, 0, 0, 0, 0, 
2013-08-30T14:54:44.594059, 0, 0, 0, 0, 0, 0, 0, 
2013-08-30T14:54:44.600041, 0, 0, 0, 0, 0, 0, 0, 
2013-08-30T14:54:44.606205, 0, 0, 0, 0, 0, 0, 0, 
2013-08-30T14:54:44.611925, 0, 0, 0, 0, 0, 0, 0, 
2013-08-30T14:54:44.617800, 0, 0, 0, 0, 0, 0, 0, 
2013-08-30T14:54:44.625054, 0, 0, 0, 0, 0, 0, 0, 
2013-08-30T14:54:44.633053, 0, 0, 0, 0, 0, 0, 0, 
2013-08-30T14:54:44.639051, 0, 0, 0, 0, 0, 0, 0, 
2013-08-30T14:54:44.644936, 0, 0, 0, 0, 0, 0, 0, 
2013-08-30T14:54:44.651017, 0, 0, 0, 0, 0, 0, 0, 
2013-08-30T14:54:44.659046, 0, 0, 0, 0, 0, 0, 0, 
2013-08-30T14:54:44.666931, 0, 0, 0, 0, 0, 0, 0, 
2013-08-30T14:54:44.672928, 0, 0, 0, 0, 0, 0, 0, 
2013-08-30T14:54:44.678809, 0, 0, 0, 0, 0, 0, 0, 
2013-08-30T14:54:44.685064, 0, 0, 0, 0, 0, 0, 0, 
2013-08-30T14:54:44.693311, 0, 0, 0, 0, 0, 0, 0, 
2013-08-30T14:54:44.702175, 0, 0, 0, 0, 0, 0, 0, 
2013-08-30T14:54:44.708047, 0, 0, 0, 0, 0, 0, 0, 
2013-08-30T14:54:44.714049, 0, 0, 0, 0, 0, 0, 0, 
2013-08-30T14:54:44.722175, 0, 0, 0, 0, 0, 0, 0, 
2013-08-30T14:54:44.728170, 0, 0, 0, 0, 0, 0, 0, 
2013-08-30T14:54:44.734045, 0, 0, 0, 0, 0, 0, 0, 
2013-08-30T14:54:44.739919, 0, 0, 0, 0, 0, 0, 0, 
2013-08-30T14:54:44.746554, 0, 0, 0, 0, 0, 0, 0, 
2013-08-30T14:54:44.754441, 0, 0, 0, 0, 0, 0, 0, 
2013-08-30T14:54:44.760443, 0, 0, 0, 0, 0, 0, 0, 
2013-08-30T14:54:44.766288, 0, 0, 0, 0, 0, 0, 0, 
2013-08-30T14:54:44.772162, 0, 0, 0, 0, 0, 0, 0, 
2013-08-30T14:54:44.780054, 0, 0, 0, 0, 0, 0, 0, 
2013-08-30T14:54:44.788137, 0, 0, 0, 0, 0, 0, 0, 
2013-08-30T14:54:44.793936, 0, 0, 0, 0, 0, 0, 0, 
2013-08-30T14:54:44.799797, 0, 0, 0, 0, 0, 0, 0, 
2013-08-30T14:54:44.805795, 0, 0, 0, 0, 0, 0, 0, 
2013-08-30T14:54:44.814060, 0, 0, 0, 0, 0, 0, 0, 
2013-08-30T14:54:44.820308, 0, 0, 0, 0, 0, 0, 0, 
2013-08-30T14:54:44.826745, 0, 0, 0, 0, 0, 0, 0, 
2013-08-30T14:54:44.832047, 0, 0, 0, 0, 0, 0, 0, 
2013-08-30T14:54:44.838164, 0, 0, 0, 0, 0, 0, 0, 
2013-08-30T14:54:44.846553, 0, 0, 0, 0, 0, 0, 0, 
2013-08-30T14:54:44.852422, 0, 0, 0, 0, 0, 0, 0, 
2013-08-30T14:54:44.858423, 0, 0, 0, 0, 0, 0, 0, 
2013-08-30T14:54:44.864301, 0, 0, 0, 0, 0, 0, 0, 
2013-08-30T14:54:44.870170, 0, 0, 0, 0, 0, 0, 0, 
2013-08-30T14:54:44.879503, 0, 0, 0, 0, 0, 0, 0, 
2013-08-30T14:54:44.886934, 0, 0, 0, 0, 0, 0, 0, 
2013-08-30T14:54:44.892932, 0, 0, 0, 0, 0, 0, 0, 
2013-08-30T14:54:44.898799, 0, 0, 0, 0, 0, 0, 0, 
2013-08-30T14:54:44.905062, 0, 0, 0, 0, 0, 0, 0, 
2013-08-30T14:54:45.413246, 0, 0, 0, 0, 0, 0, 0, 
2013-08-30T14:54:45.418048, 0, 0, 0, 0, 0, 0, 0, 
2013-08-30T14:54:45.423917, 0.291863, -89.9168, 9.00833, -89.8066, 7.9962, -89.9273, -44.2867, 
2013-08-30T14:54:45.429917, 0.291863, -89.9168, 9.00833, -89.8066, 7.9962, -89.9273, -44.2867, 
2013-08-30T14:54:45.435785, 0.291863, -89.9168, 9.00833, -89.8066, 7.9962, -89.9273, -44.2867, 
2013-08-30T14:54:45.441667, 0.291863, -89.9168, 9.00833, -89.8066, 7.9962, -89.9273, -44.2867, 
2013-08-30T14:54:45.447669, 0.291863, -89.9168, 9.00833, -89.8066, 7.9962, -89.9273, -44.2867, 
2013-08-30T14:54:45.453676, 0.291863, -89.9168, 9.00833, -89.8066, 7.9962, -89.9273, -44.2867, 
2013-08-30T14:54:45.459958, 0.291863, -89.9168, 9.00833, -89.8066, 7.9962, -89.9273, -44.2867, 
2013-08-30T14:54:45.465406, 0.291863, -89.9168, 9.00833, -89.8066, 7.9962, -89.9273, -44.2867, 
2013-08-30T14:54:45.471410, 0.291863, -89.9168, 9.00833, -89.8066, 7.9962, -89.9273, -44.2867, 
2013-08-30T14:54:45.477294, 0.291863, -89.9168, 9.00833, -89.8066, 7.9962, -89.9273, -44.2867, 
2013-08-30T14:54:45.483561, 0.291863, -89.9168, 9.00833, -89.8066, 7.9962, -89.9273, -44.2867, 
2013-08-30T14:54:45.489157, 0.291863, -89.9168, 9.00833, -89.8066, 7.9962, -89.9273, -44.2867, 
2013-08-30T14:54:45.495044, 0.291863, -89.9168, 9.00833, -89.8066, 7.9962, -89.9273, -44.2867, 
2013-08-30T14:54:45.500913, 0.291863, -89.9168, 9.00833, -89.8066, 7.9962, -89.9273, -44.2867, 
2013-08-30T14:54:45.506940, 0.291863, -89.9168, 9.00833, -89.8066, 7.9962, -89.9273, -44.2867, 
2013-08-30T14:54:45.512917, 0.291863, -89.9168, 9.00833, -89.8066, 7.9962, -89.9273, -44.2867, 
2013-08-30T14:54:45.519000, 0.291863, -89.9168, 9.00833, -89.8066, 7.9962, -89.9273, -44.2867, 
2013-08-30T14:54:45.524790, 0.291863, -89.9168, 9.00833, -89.8066, 7.9962, -89.9273, -44.2867, 
2013-08-30T14:54:45.530659, 0.291863, -89.9168, 9.00833, -89.8066, 7.9962, -89.9273, -44.2867, 
2013-08-30T14:54:45.536660, 0.291863, -89.9168, 9.00833, -89.8066, 7.9962, -89.9273, -44.2867, 
2013-08-30T14:54:45.542544, 0.291863, -89.9168, 9.00833, -89.8066, 7.9962, -89.9273, -44.2867, 
2013-08-30T14:54:45.548413, 0.291863, -89.9168, 9.00833, -89.8066, 7.9962, -89.9273, -44.2867, 
2013-08-30T14:54:45.554434, 0.291863, -89.9168, 9.00833, -89.8066, 7.9962, -89.9273, -44.2867, 
2013-08-30T14:54:45.560288, 0.291863, -89.9168, 9.00833, -89.8066, 7.9962, -89.9273, -44.2867, 
2013-08-30T14:54:45.566157, 0.291863, -89.9168, 9.00833, -89.8066, 7.9962, -89.9273, -44.2867, 
2013-08-30T14:54:45.572176, 0.291863, -89.9168, 9.00833, -89.8066, 7.9962, -89.9273, -44.2867, 
2013-08-30T14:54:45.581060, 0, 0, 0, 0, 0, 0, 0, 
2013-08-30T14:54:45.587236, 0, 0, 0, 0, 0, 0, 0, 
2013-08-30T14:54:45.592806, 0.291863, -89.9168, 9.00833, -89.8066, 7.9962, -89.9273, -44.2867, 
2013-08-30T14:54:45.598796, 0.291863, -89.9168, 9.00833, -89.8066, 7.9962, -89.9273, -44.2867, 
2013-08-30T14:54:45.604676, 0.291863, -89.9168, 9.00833, -89.8066, 7.9962, -89.9273, -44.2867, 
2013-08-30T14:54:45.610561, 0.291863, -89.9168, 9.00833, -89.8066, 7.9962, -89.9273, -44.2867, 
2013-08-30T14:54:45.616552, 0.291863, -89.9168, 9.00833, -89.8066, 7.9962, -89.9273, -44.2867, 
2013-08-30T14:54:45.622415, 0.291863, -89.9168, 9.00833, -89.8066, 7.9962, -89.9273, -44.2867, 
2013-08-30T14:54:45.628288, 0.291863, -89.9168, 9.00833, -89.8066, 7.9962, -89.9273, -44.2867, 
2013-08-30T14:54:45.634288, 0.291863, -89.9168, 9.00833, -89.8066, 7.9962, -89.9273, -44.2867, 
2013-08-30T14:54:45.640180, 0.291863, -89.9168, 9.00833, -89.8066, 7.9962, -89.9273, -44.2867, 
2013-08-30T14:54:45.646057, 0.291863, -89.9168, 9.00833, -89.8066, 7.9962, -89.9273, -44.2867, 
2013-08-30T14:54:45.652040, 0.291863, -89.9168, 9.00833, -89.8066, 7.9962, -89.9273, -44.2867, 
2013-08-30T14:54:45.657997, 0.291863, -89.9168, 9.00833, -89.8066, 7.9962, -89.9273, -44.2867, 
2013-08-30T14:54:45.663798, 0.291863, -89.9168, 9.00833, -89.8066, 7.9962, -89.9273, -44.2867, 
2013-08-30T14:54:45.669665, 0.291863, -89.9168, 9.00833, -89.8066, 7.9962, -89.9273, -44.2867, 
2013-08-30T14:54:45.675672, 0.291863, -89.9168, 9.00833, -89.8066, 7.9962, -89.9273, -44.2867, 
2013-08-30T14:54:45.681541, 0.291863, -89.9168, 9.00833, -89.8066, 7.9962, -89.9273, -44.2867, 
2013-08-30T14:54:45.687416, 0.291863, -89.9168, 9.00833, -89.8066, 7.9962, -89.9273, -44.2867, 
2013-08-30T14:54:45.693418, 0.291863, -89.9168, 9.00833, -89.8066, 7.9962, -89.9273, -44.2867, 
2013-08-30T14:54:45.699299, 0.291863, -89.9168, 9.00833, -89.8066, 7.9962, -89.9273, -44.2867, 
2013-08-30T14:54:45.705175, 0.291863, -89.9168, 9.00833, -89.8066, 7.9962, -89.9273, -44.2867, 
2013-08-30T14:54:45.711188, 0.291863, -89.9168, 9.00833, -89.8066, 7.9962, -89.9273, -44.2867, 
2013-08-30T14:54:45.717045, 0.291863, -89.9168, 9.00833, -89.8066, 7.9962, -89.9273, -44.2867, 
2013-08-30T14:54:45.722906, 0.291863, -89.9168, 9.00833, -89.8066, 7.9962, -89.9273, -44.2867, 
2013-08-30T14:54:45.728913, 0.291863, -89.9168, 9.00833, -89.8066, 7.9962, -89.9273, -44.2867, 
2013-08-30T14:54:45.737497, 0.291863, -89.9168, 9.00833, -89.8066, 7.9962, -89.9273, -44.2867, 
2013-08-30T14:54:45.740677, 0.291863, -89.9168, 9.00833, -89.8066, 7.9962, -89.9273, -44.2867, 
2013-08-30T14:54:45.746676, 0.291863, -89.9168, 9.00833, -89.8066, 7.9962, -89.9273, -44.2867, 
2013-08-30T14:54:45.752532, 0.291863, -89.9168, 9.00833, -89.8066, 7.9962, -89.9273, -44.2867, 
2013-08-30T14:54:45.758658, 0.291863, -89.9168, 9.00833, -89.8066, 7.9962, -89.9273, -44.2867, 
2013-08-30T14:54:45.764545, 0.291863, -89.9168, 9.00833, -89.8066, 7.9962, -89.9273, -44.2867, 
2013-08-30T14:54:45.770972, 0.291863, -89.9168, 9.00833, -89.8066, 7.9962, -89.9273, -44.2867, 
2013-08-30T14:54:45.776418, 0.291863, -89.9168, 9.00833, -89.8066, 7.9962, -89.9273, -44.2867, 
2013-08-30T14:54:45.782300, 0.291863, -89.9168, 9.00833, -89.8066, 7.9962, -89.9273, -44.2867, 
2013-08-30T14:54:45.788155, 0.291863, -89.9168, 9.00833, -89.8066, 7.9962, -89.9273, -44.2867, 
2013-08-30T14:54:45.794164, 0.291863, -89.9168, 9.00833, -89.8066, 7.9962, -89.9273, -44.2867, 
2013-08-30T14:54:45.800156, 0.291863, -89.9168, 9.00833, -89.8066, 7.9962, -89.9273, -44.2867, 
2013-08-30T14:54:45.805924, 0.291863, -89.9168, 9.00833, -89.8066, 7.9962, -89.9273, -44.2867, 
2013-08-30T14:54:45.811921, 0, 0, 0, 0, 0, 0, 0, 
2013-08-30T14:54:45.817784, 0, 0, 0, 0, 0, 0, 0, 
2013-08-30T14:54:45.823657, 0, 0, 0, 0, 0, 0, 0, 
2013-08-30T14:54:45.829546, 0, 0, 0, 0, 0, 0, 0, 
2013-08-30T14:54:45.835547, 0, 0, 0, 0, 0, 0, 0, 
2013-08-30T14:54:45.841422, 0, 0, 0, 0, 0, 0, 0, 
2013-08-30T14:54:45.847420, 0, 0, 0, 0, 0, 0, 0, 
2013-08-30T14:54:45.853299, 0, 0, 0, 0, 0, 0, 0, 
2013-08-30T14:54:45.859734, 0, 0, 0, 0, 0, 0, 0, 
2013-08-30T14:54:45.865157, 0, 0, 0, 0, 0, 0, 0, 
2013-08-30T14:54:45.871043, 0, 0, 0, 0, 0, 0, 0, 
2013-08-30T14:54:45.876921, 0, 0, 0, 0, 0, 0, 0, 
2013-08-30T14:54:45.882917, 0, 0, 0, 0, 0, 0, 0, 
2013-08-30T14:54:45.888826, 0, 0, 0, 0, 0, 0, 0, 
2013-08-30T14:54:45.894678, 0, 0, 0, 0, 0, 0, 0, 
2013-08-30T14:54:45.900654, 0, 0, 0, 0, 0, 0, 0, 
2013-08-30T14:54:45.906553, 0, 0, 0, 0, 0, 0, 0, 
2013-08-30T14:54:45.912420, 0, 0, 0, 0, 0, 0, 0, 
2013-08-30T14:54:45.918281, 0, 0, 0, 0, 0, 0, 0, 
2013-08-30T14:54:45.924624, 0, 0, 0, 0, 0, 0, 0, 
2013-08-30T14:54:45.930163, 0, 0, 0, 0, 0, 0, 0, 
2013-08-30T14:54:45.936094, 0, 0, 0, 0, 0, 0, 0, 
2013-08-30T14:54:45.942047, 0, 0, 0, 0, 0, 0, 0, 
2013-08-30T14:54:45.947911, 0, 0, 0, 0, 0, 0, 0, 
2013-08-30T14:54:45.953790, 0, 0, 0, 0, 0, 0, 0, 
2013-08-30T14:54:45.959788, 0, 0, 0, 0, 0, 0, 0, 
2013-08-30T14:54:45.965659, 0, 0, 0, 0, 0, 0, 0, 
2013-08-30T14:54:45.971552, 0, 0, 0, 0, 0, 0, 0, 
2013-08-30T14:54:45.978324, 0, 0, 0, 0, 0, 0, 0, 
2013-08-30T14:54:45.983408, 0, 0, 0, 0, 0, 0, 0, 
2013-08-30T14:54:45.989280, 0, 0, 0, 0, 0, 0, 0, 
2013-08-30T14:54:45.995307, 0, 0, 0, 0, 0, 0, 0, 
2013-08-30T14:54:46.001167, 0, 0, 0, 0, 0, 0, 0, 
2013-08-30T14:54:46.007036, 0, 0, 0, 0, 0, 0, 0, 
2013-08-30T14:54:46.013193, 0, 0, 0, 0, 0, 0, 0, 
2013-08-30T14:54:46.018904, 0, 0, 0, 0, 0, 0, 0, 
2013-08-30T14:54:46.024797, 0, 0, 0, 0, 0, 0, 0, 
2013-08-30T14:54:46.030781, 0, 0, 0, 0, 0, 0, 0, 
2013-08-30T14:54:46.036666, 0, 0, 0, 0, 0, 0, 0, 
2013-08-30T14:54:46.042557, 0, 0, 0, 0, 0, 0, 0, 
2013-08-30T14:54:46.048659, 0, 0, 0, 0, 0, 0, 0, 
2013-08-30T14:54:46.054404, 0, 0, 0, 0, 0, 0, 0, 
2013-08-30T14:54:46.060287, 0, 0, 0, 0, 0, 0, 0, 
2013-08-30T14:54:46.066165, 0, 0, 0, 0, 0, 0, 0, 
2013-08-30T14:54:46.072164, 0, 0, 0, 0, 0, 0, 0, 
2013-08-30T14:54:46.078041, 0, 0, 0, 0, 0, 0, 0, 
2013-08-30T14:54:46.083923, 0, 0, 0, 0, 0, 0, 0, 
2013-08-30T14:54:46.089905, 0, 0, 0, 0, 0, 0, 0, 
2013-08-30T14:54:46.095785, 0, 0, 0, 0, 0, 0, 0, 
2013-08-30T14:54:46.101690, 0, 0, 0, 0, 0, 0, 0, 
2013-08-30T14:54:46.107724, 0, 0, 0, 0, 0, 0, 0, 
2013-08-30T14:54:46.113619, 0, 0, 0, 0, 0, 0, 0, 
2013-08-30T14:54:46.119424, 0, 0, 0, 0, 0, 0, 0, 
2013-08-30T14:54:46.125407, 0, 0, 0, 0, 0, 0, 0, 
2013-08-30T14:54:46.131286, 0, 0, 0, 0, 0, 0, 0, 
2013-08-30T14:54:46.137174, 0, 0, 0, 0, 0, 0, 0, 
2013-08-30T14:54:46.143171, 0, 0, 0, 0, 0, 0, 0, 
2013-08-30T14:54:46.149031, 0, 0, 0, 0, 0, 0, 0, 
2013-08-30T14:54:46.154904, 0, 0, 0, 0, 0, 0, 0, 
2013-08-30T14:54:46.161045, 0, 0, 0, 0, 0, 0, 0, 
2013-08-30T14:54:46.166786, 0, 0, 0, 0, 0, 0, 0, 
2013-08-30T14:54:46.172662, 0, 0, 0, 0, 0, 0, 0, 
2013-08-30T14:54:46.178664, 0, 0, 0, 0, 0, 0, 0, 
2013-08-30T14:54:46.184530, 0, 0, 0, 0, 0, 0, 0, 
2013-08-30T14:54:46.190407, 0, 0, 0, 0, 0, 0, 0, 
2013-08-30T14:54:46.196403, 0, 0, 0, 0, 0, 0, 0, 
2013-08-30T14:54:46.202298, 0, 0, 0, 0, 0, 0, 0, 
2013-08-30T14:54:46.208178, 0, 0, 0, 0, 0, 0, 0, 
2013-08-30T14:54:46.214035, 0, 0, 0, 0, 0, 0, 0, 
2013-08-30T14:54:46.220151, 0, 0, 0, 0, 0, 0, 0, 
2013-08-30T14:54:46.227051, 0, 0, 0, 0, 0, 0, 0, 
2013-08-30T14:54:46.231791, 0, 0, 0, 0, 0, 0, 0, 
2013-08-30T14:54:46.237799, 0, 0, 0, 0, 0, 0, 0, 
2013-08-30T14:54:46.244855, 0, 0, 0, 0, 0, 0, 0, 
2013-08-30T14:54:46.249534, 0, 0, 0, 0, 0, 0, 0, 
2013-08-30T14:54:46.255533, 0, 0, 0, 0, 0, 0, 0, 
2013-08-30T14:54:46.261422, 0, 0, 0, 0, 0, 0, 0, 
2013-08-30T14:54:46.267293, 0, 0, 0, 0, 0, 0, 0, 
2013-08-30T14:54:46.273287, 0, 0, 0, 0, 0, 0, 0, 
2013-08-30T14:54:46.279168, 0, 0, 0, 0, 0, 0, 0, 
2013-08-30T14:54:46.285032, 0, 0, 0, 0, 0, 0, 0, 
2013-08-30T14:54:46.291091, 0, 0, 0, 0, 0, 0, 0, 
2013-08-30T14:54:46.296915, 0, 0, 0, 0, 0, 0, 0, 
2013-08-30T14:54:46.302790, 0, 0, 0, 0, 0, 0, 0, 
2013-08-30T14:54:46.309375, 0, 0, 0, 0, 0, 0, 0, 
2013-08-30T14:54:46.314660, 0, 0, 0, 0, 0, 0, 0, 
2013-08-30T14:54:46.320528, 0.291863, -89.9168, 9.00833, -89.8066, 7.9962, -89.9273, -44.2867, 
2013-08-30T14:54:46.326534, 0.291863, -89.9168, 9.00833, -89.8066, 7.9962, -89.9273, -44.2867, 
2013-08-30T14:54:46.332417, 0.291863, -89.9168, 9.00833, -89.8066, 7.9962, -89.9273, -44.2867, 
2013-08-30T14:54:46.338297, 0.291863, -89.9168, 9.00833, -89.8066, 7.9962, -89.9273, -44.2867, 
2013-08-30T14:54:46.344284, 0.291863, -89.9168, 9.00833, -89.8066, 7.9962, -89.9273, -44.2867, 
2013-08-30T14:54:46.350156, 0.291863, -89.9168, 9.00833, -89.8066, 7.9962, -89.9273, -44.2867, 
2013-08-30T14:54:46.356043, 0.291863, -89.9168, 9.00833, -89.8066, 7.9962, -89.9273, -44.2867, 
2013-08-30T14:54:46.362032, 0.291863, -89.9168, 9.00833, -89.8066, 7.9962, -89.9273, -44.2867, 
2013-08-30T14:54:46.367915, 0.291863, -89.9168, 9.00833, -89.8066, 7.9962, -89.9273, -44.2867, 
2013-08-30T14:54:46.373787, 0.291863, -89.9168, 9.00833, -89.8066, 7.9962, -89.9273, -44.2867, 
2013-08-30T14:54:46.379672, 0.291863, -89.9168, 9.00833, -89.8066, 7.9962, -89.9273, -44.2867, 
2013-08-30T14:54:46.385658, 0.291863, -89.9168, 9.00833, -89.8066, 7.9962, -89.9273, -44.2867, 
2013-08-30T14:54:46.391530, 0.291863, -89.9168, 9.00833, -89.8066, 7.9962, -89.9273, -44.2867, 
2013-08-30T14:54:46.397420, 0.291863, -89.9168, 9.00833, -89.8066, 7.9962, -89.9273, -44.2867, 
2013-08-30T14:54:46.403408, 0.291863, -89.9168, 9.00833, -89.8066, 7.9962, -89.9273, -44.2867, 
2013-08-30T14:54:46.416852, 0.291863, -89.9168, 9.00833, -89.8066, 7.9962, -89.9273, -44.2867, 
2013-08-30T14:54:46.417091, 0.291863, -89.9168, 9.00833, -89.8066, 7.9962, -89.9273, -44.2867, 
2013-08-30T14:54:46.422036, 0.291863, -89.9168, 9.00833, -89.8066, 7.9962, -89.9273, -44.2867, 
2013-08-30T14:54:46.427911, 0.291863, -89.9168, 9.00833, -89.8066, 7.9962, -89.9273, -44.2867, 
2013-08-30T14:54:46.433876, 0.291863, -89.9168, 9.00833, -89.8066, 7.9962, -89.9273, -44.2867, 
2013-08-30T14:54:46.439659, 0.291863, -89.9168, 9.00833, -89.8066, 7.9962, -89.9273, -44.2867, 
2013-08-30T14:54:46.445779, 0.291863, -89.9168, 9.00833, -89.8066, 7.9962, -89.9273, -44.2867, 
2013-08-30T14:54:46.451527, 0.291863, -89.9168, 9.00833, -89.8066, 7.9962, -89.9273, -44.2867, 
2013-08-30T14:54:46.457536, 0.291863, -89.9168, 9.00833, -89.8066, 7.9962, -89.9273, -44.2867, 
2013-08-30T14:54:46.465205, 0.291863, -89.9168, 9.00833, -89.8066, 7.9962, -89.9273, -44.2867, 
2013-08-30T14:54:46.472865, 0.291863, -89.9168, 9.00833, -89.8066, 7.9962, -89.9273, -44.2867, 
2013-08-30T14:54:46.475167, 0.291863, -89.9168, 9.00833, -89.8066, 7.9962, -89.9273, -44.2867, 
2013-08-30T14:54:46.481158, 0.291863, -89.9168, 9.00833, -89.8066, 7.9962, -89.9273, -44.2867, 
2013-08-30T14:54:46.487036, 0.291863, -89.9168, 9.00833, -89.8066, 7.9962, -89.9273, -44.2867, 
2013-08-30T14:54:46.492905, 0.291863, -89.9168, 9.00833, -89.8066, 7.9962, -89.9273, -44.2867, 
2013-08-30T14:54:46.499114, 0.291863, -89.9168, 9.00833, -89.8066, 7.9962, -89.9273, -44.2867, 
2013-08-30T14:54:46.504837, 0.291863, -89.9168, 9.00833, -89.8066, 7.9962, -89.9273, -44.2867, 
2013-08-30T14:54:46.510668, 0.291863, -89.9168, 9.00833, -89.8066, 7.9962, -89.9273, -44.2867, 
2013-08-30T14:54:46.516658, 0.291863, -89.9168, 9.00833, -89.8066, 7.9962, -89.9273, -44.2867, 
2013-08-30T14:54:46.522652, 0.291863, -89.9168, 9.00833, -89.8066, 7.9962, -89.9273, -44.2867, 
2013-08-30T14:54:46.528414, 0.291863, -89.9168, 9.00833, -89.8066, 7.9962, -89.9273, -44.2867, 
2013-08-30T14:54:46.534424, 0.291863, -89.9168, 9.00833, -89.8066, 7.9962, -89.9273, -44.2867, 
2013-08-30T14:54:46.540284, 0.291863, -89.9168, 9.00833, -89.8066, 7.9962, -89.9273, -44.2867, 
2013-08-30T14:54:46.546160, 0.291863, -89.9168, 9.00833, -89.8066, 7.9962, -89.9273, -44.2867, 
2013-08-30T14:54:46.552273, 0.291863, -89.9168, 9.00833, -89.8066, 7.9962, -89.9273, -44.2867, 
2013-08-30T14:54:46.558279, 0.291863, -89.9168, 9.00833, -89.8066, 7.9962, -89.9273, -44.2867, 
2013-08-30T14:54:46.563917, 0.291863, -89.9168, 9.00833, -89.8066, 7.9962, -89.9273, -44.2867, 
2013-08-30T14:54:46.569908, 0.291863, -89.9168, 9.00833, -89.8066, 7.9962, -89.9273, -44.2867, 
2013-08-30T14:54:46.575860, 0.291863, -89.9168, 9.00833, -89.8066, 7.9962, -89.9273, -44.2867, 
2013-08-30T14:54:46.581651, 0.291863, -89.9168, 9.00833, -89.8066, 7.9962, -89.9273, -44.2867, 
2013-08-30T14:54:46.587528, 0.291863, -89.9168, 9.00833, -89.8066, 7.9962, -89.9273, -44.2867, 
2013-08-30T14:54:46.593537, 0.291863, -89.9168, 9.00833, -89.8066, 7.9962, -89.9273, -44.2867, 
2013-08-30T14:54:46.599415, 0.291863, -89.9168, 9.00833, -89.8066, 7.9962, -89.9273, -44.2867, 
2013-08-30T14:54:46.605287, 0.291863, -89.9168, 9.00833, -89.8066, 7.9962, -89.9273, -44.2867, 
2013-08-30T14:54:46.611283, 0.291863, -89.9168, 9.00833, -89.8066, 7.9962, -89.9273, -44.2867, 
2013-08-30T14:54:46.617150, 0.291863, -89.9168, 9.00833, -89.8066, 7.9962, -89.9273, -44.2867, 
2013-08-30T14:54:46.623066, 0.291863, -89.9168, 9.00833, -89.8066, 7.9962, -89.9273, -44.2867, 
2013-08-30T14:54:46.629097, 0.291863, -89.9168, 9.00833, -89.8066, 7.9962, -89.9273, -44.2867, 
2013-08-30T14:54:46.634909, 0.291863, -89.9168, 9.00833, -89.8066, 7.9962, -89.9273, -44.2867, 
2013-08-30T14:54:46.640785, 0.291863, -89.9168, 9.00833, -89.8066, 7.9962, -89.9273, -44.2867, 
2013-08-30T14:54:46.646779, 0.291863, -89.9168, 9.00833, -89.8066, 7.9962, -89.9273, -44.2867, 
2013-08-30T14:54:46.652659, 0.291863, -89.9168, 9.00833, -89.8066, 7.9962, -89.9273, -44.2867, 
2013-08-30T14:54:46.658528, 0.291863, -89.9168, 9.00833, -89.8066, 7.9962, -89.9273, -44.2867, 
2013-08-30T14:54:46.664538, 0.291863, -89.9168, 9.00833, -89.8066, 7.9962, -89.9273, -44.2867, 
2013-08-30T14:54:46.672820, 0.291863, -89.9168, 9.00833, -89.8066, 7.9962, -89.9273, -44.2867, 
2013-08-30T14:54:46.676963, 0.291863, -89.9168, 9.00833, -89.8066, 7.9962, -89.9273, -44.2867, 
2013-08-30T14:54:46.682407, 0.291863, -89.9168, 9.00833, -89.8066, 7.9962, -89.9273, -44.2867, 
2013-08-30T14:54:46.688162, 0.291863, -89.9168, 9.00833, -89.8066, 7.9962, -89.9273, -44.2867, 
2013-08-30T14:54:46.694038, 0.291863, -89.9168, 9.00833, -89.8066, 7.9962, -89.9273, -44.2867, 
2013-08-30T14:54:46.700065, 0.291863, -89.9168, 9.00833, -89.8066, 7.9962, -89.9273, -44.2867, 
2013-08-30T14:54:46.705913, 0.291863, -89.9168, 9.00833, -89.8066, 7.9962, -89.9273, -44.2867, 
2013-08-30T14:54:46.711780, 0.291863, -89.9168, 9.00833, -89.8066, 7.9962, -89.9273, -44.2867, 
2013-08-30T14:54:46.717902, 0.291863, -89.9168, 9.00833, -89.8066, 7.9962, -89.9273, -44.2867, 
2013-08-30T14:54:46.723651, 0.291863, -89.9168, 9.00833, -89.8066, 7.9962, -89.9273, -44.2867, 
2013-08-30T14:54:46.729658, 0.291863, -89.9168, 9.00833, -89.8066, 7.9962, -89.9273, -44.2867, 
2013-08-30T14:54:46.735531, 0.291863, -89.9168, 9.00833, -89.8066, 7.9962, -89.9273, -44.2867, 
2013-08-30T14:54:46.741408, 0.291863, -89.9168, 9.00833, -89.8066, 7.9962, -89.9273, -44.2867, 
2013-08-30T14:54:46.747278, 0.291863, -89.9168, 9.00833, -89.8066, 7.9962, -89.9273, -44.2867, 
2013-08-30T14:54:46.753152, 0.291863, -89.9168, 9.00833, -89.8066, 7.9962, -89.9273, -44.2867, 
2013-08-30T14:54:46.759156, 0.291863, -89.9168, 9.00833, -89.8066, 7.9962, -89.9273, -44.2867, 
2013-08-30T14:54:46.765046, 0.291863, -89.9168, 9.00833, -89.8066, 7.9962, -89.9273, -44.2867, 
2013-08-30T14:54:46.771307, 0.291863, -89.9168, 9.00833, -89.8066, 7.9962, -89.9273, -44.2867, 
2013-08-30T14:54:46.776913, 0.291863, -89.9168, 9.00833, -89.8066, 7.9962, -89.9273, -44.2867, 
2013-08-30T14:54:46.782896, 0.291863, -89.9168, 9.00833, -89.8066, 7.9962, -89.9273, -44.2867, 
2013-08-30T14:54:46.788654, 0.291863, -89.9168, 9.00833, -89.8066, 7.9962, -89.9273, -44.2867, 
2013-08-30T14:54:46.794657, 0.291863, -89.9168, 9.00833, -89.8066, 7.9962, -89.9273, -44.2867, 
2013-08-30T14:54:46.806412, 0.291863, -89.9168, 9.00833, -89.8066, 7.9962, -89.9273, -44.2867, 
2013-08-30T14:54:47.312681, 0.291863, -89.9168, 9.00833, -89.8066, 7.9962, -89.9273, -44.2867, 
2013-08-30T14:54:47.312911, 0, 0, 0, 0, 0, 0, 0, 
2013-08-30T14:54:47.313127, 0, 0, 0, 0, 0, 0, 0, 
2013-08-30T14:54:47.320925, 0, 0, 0, 0, 0, 0, 0, 
2013-08-30T14:54:47.326787, 0, 0, 0, 0, 0, 0, 0, 
2013-08-30T14:54:47.332807, 0, 0, 0, 0, 0, 0, 0, 
2013-08-30T14:54:47.338644, 0, 0, 0, 0, 0, 0, 0, 
2013-08-30T14:54:47.344526, 0, 0, 0, 0, 0, 0, 0, 
2013-08-30T14:54:47.850613, 0, 0, 0, 0, 0, 0, 0, 
2013-08-30T14:54:47.850828, 0.291863, -89.9168, 9.00833, -89.8066, 7.9962, -89.9273, -44.2867, 
2013-08-30T14:54:47.851046, 0, 0, 0, 0, 0, 0, 0, 
2013-08-30T14:54:47.856405, 0, 0, 0, 0, 0, 0, 0, 
2013-08-30T14:54:47.862407, 0.291863, -89.9168, 9.00833, -89.8066, 7.9962, -89.9273, -44.2867, 
2013-08-30T14:54:47.868272, 0.291863, -89.9168, 9.00833, -89.8066, 7.9962, -89.9273, -44.2867, 
2013-08-30T14:54:47.874289, 0.291863, -89.9168, 9.00833, -89.8066, 7.9962, -89.9273, -44.2867, 
2013-08-30T14:54:47.880034, 0.291863, -89.9168, 9.00833, -89.8066, 7.9962, -89.9273, -44.2867, 
2013-08-30T14:54:47.886039, 0.291863, -89.9168, 9.00833, -89.8066, 7.9962, -89.9273, -44.2867, 
2013-08-30T14:54:47.891906, 0.291863, -89.9168, 9.00833, -89.8066, 7.9962, -89.9273, -44.2867, 
2013-08-30T14:54:47.897786, 0.291863, -89.9168, 9.00833, -89.8066, 7.9962, -89.9273, -44.2867, 
2013-08-30T14:54:47.903764, 0.291863, -89.9168, 9.00833, -89.8066, 7.9962, -89.9273, -44.2867, 
2013-08-30T14:54:47.909653, 0.291863, -89.9168, 9.00833, -89.8066, 7.9962, -89.9273, -44.2867, 
2013-08-30T14:54:47.915527, 0.291863, -89.9168, 9.00833, -89.8066, 7.9962, -89.9273, -44.2867, 
2013-08-30T14:54:47.921526, 0.291863, -89.9168, 9.00833, -89.8066, 7.9962, -89.9273, -44.2867, 
2013-08-30T14:54:47.927424, 0.291863, -89.9168, 9.00833, -89.8066, 7.9962, -89.9273, -44.2867, 
2013-08-30T14:54:47.933267, 0.291863, -89.9168, 9.00833, -89.8066, 7.9962, -89.9273, -44.2867, 
2013-08-30T14:54:47.939267, 0.291863, -89.9168, 9.00833, -89.8066, 7.9962, -89.9273, -44.2867, 
2013-08-30T14:54:47.945142, 0.291863, -89.9168, 9.00833, -89.8066, 7.9962, -89.9273, -44.2867, 
2013-08-30T14:54:47.951041, 0.291863, -89.9168, 9.00833, -89.8066, 7.9962, -89.9273, -44.2867, 
2013-08-30T14:54:47.957019, 0.291863, -89.9168, 9.00833, -89.8066, 7.9962, -89.9273, -44.2867, 
2013-08-30T14:54:47.962907, 0.291863, -89.9168, 9.00833, -89.8066, 7.9962, -89.9273, -44.2867, 
2013-08-30T14:54:47.968815, 0.291863, -89.9168, 9.00833, -89.8066, 7.9962, -89.9273, -44.2867, 
2013-08-30T14:54:47.974769, 0.291863, -89.9168, 9.00833, -89.8066, 7.9962, -89.9273, -44.2867, 
2013-08-30T14:54:47.980665, 0.291863, -89.9168, 9.00833, -89.8066, 7.9962, -89.9273, -44.2867, 
2013-08-30T14:54:47.986543, 0.291863, -89.9168, 9.00833, -89.8066, 7.9962, -89.9273, -44.2867, 
2013-08-30T14:54:47.992539, 0.291863, -89.9168, 9.00833, -89.8066, 7.9962, -89.9273, -44.2867, 
2013-08-30T14:54:47.998407, 0.291863, -89.9168, 9.00833, -89.8066, 7.9962, -89.9273, -44.2867, 
2013-08-30T14:54:48.004282, 0.291863, -89.9168, 9.00833, -89.8066, 7.9962, -89.9273, -44.2867, 
2013-08-30T14:54:48.010284, 0.291863, 